Name, Email
john, john@example.com
mary, mary@example.com
alexandre, alexandre.jones@example.com
barbara, barbara.wilson@example.com
catherine, catherine.smith@example.com
daniel, daniel.brown@example.com
elena, elena.johnson@example.com
fabien, fabien.martin@example.com
giulia, giulia.garcia@example.com
hugo, hugo.martinez@example.com
isabelle, isabelle.lopez@example.com
joseph, joseph.gonzalez@example.com
karina, karina.thompson@example.com
luca, luca.rodriguez@example.com
marina, marina.lewis@example.com
nathan, nathan.lee@example.com
olga, olga.walker@example.com
peter, peter.hall@example.com
quinn, quinn.allen@example.com
raphael, raphael.young@example.com
sofia, sofia.king@example.com
thomas, thomas.wright@example.com
ursula, ursula.scott@example.com
victor, victor.green@example.com
wendy, wendy.adams@example.com
xavier, xavier.baker@example.com
yasmin, yasmin.campbell@example.com
zachary, zachary.hill@example.com
ariane, ariane.mitchell@example.com
bruno, bruno.evans@example.com
camille, camille.harris@example.com
damien, damien.collins@example.com
emma, emma.clark@example.com
felix, felix.cooper@example.com
greta, greta.reed@example.com
hector, hector.stewart@example.com
igor, igor.morris@example.com
julie, julie.rogers@example.com
karl, karl.cook@example.com
luisa, luisa.patterson@example.com
maxime, maxime.brooks@example.com
nadia, nadia.morgan@example.com
omar, omar.bell@example.com
paula, paula.murphy@example.com
quentin, quentin.bailey@example.com
rita, rita.rivera@example.com
samuel, samuel.cooper@example.com
tania, tania.richardson@example.com
ulysse, ulysse.cox@example.com
veronique, veronique.howard@example.com
wilhelm, wilhelm.ward@example.com
ximena, ximena.torres@example.com
yuri, yuri.peterson@example.com
zoe, zoe.gray@example.com
arjun, arjun.james@example.com
bianca, bianca.watson@example.com
carlo, carlo.brooks@example.com
daria, daria.cruz@example.com
eduardo, eduardo.wood@example.com
florence, florence.bennet@example.com
george, george.adams@example.com
hana, hana.simmons@example.com
ion, ion.foster@example.com
joanna, joanna.russell@example.com
kevin, kevin.rose@example.com
lara, lara.butler@example.com
mohammed, mohammed.hayes@example.com
nadine, nadine.price@example.com
oliver, oliver.hughes@example.com
pia, pia.watkins@example.com
quentina, quentina.bishop@example.com
roberto, roberto.hunter@example.com
sara, sara.mason@example.com
timothy, timothy.griffin@example.com
uta, uta.harper@example.com
vivian, vivian.sullivan@example.com
wilson, wilson.coleman@example.com
xena, xena.jenkins@example.com
yohan, yohan.perry@example.com
zoila, zoila.powell@example.com
anastasia, anastasia.long@example.com
benoit, benoit.phillips@example.com
chiara, chiara.patterson@example.com
damaris, damaris.jordan@example.com
elias, elias.reynolds@example.com
frida, frida.ross@example.com
gustav, gustav.fisher@example.com
hanae, hanae.kelly@example.com
ian, ian.hamilton@example.com
jacqueline, jacqueline.ellis@example.com
kai, kai.harrison@example.com
leila, leila.graham@example.com
mario, mario.sullivan@example.com
noah, noah.wallace@example.com
odette, odette.west@example.com
penelope, penelope.cole@example.com
quincy, quincy.murray@example.com
rosa, rosa.ford@example.com
stephane, stephane.stone@example.com
thea, thea.dunn@example.com
ulf, ulf.hawkins@example.com
valeria, valeria.freeman@example.com
wanda, wanda.simpson@example.com
xander, xander.jordan@example.com
yasmina, yasmina.austin@example.com
zane, zane.spencer@example.com
